art_dimension,name,art_type
2550x3300,Independence,graffiti
3300x4800,Influence,graffiti
2400x3000,Turbulent Honesty,panorama
3300x4800,Repulsive Entrance,graffiti
2700x4800,Courage,panorama
900x1500,Depressions of Misery,panorama
1500x2100,Awoken Divide,acrylic
900x1500,Turbulent Honesty,oil
2400x3000,Lonely Cobweb,panorama
2550x3300,Influence,graffiti
1200x1800,Conversations of Opportunity,oil
900x1500,Afterthoughts of Pride,oil
2400x3000,Courage,oil
1500x2100,Romance,oil
2700x4800,Protest of Childhood,graffiti
3300x4200,Independence,graffiti
2550x3300,Flowers of Dreams,oil
1200x1800,Tawdry Honor,panorama
2550x3300,Tranquil Jewel,oil
3300x4800,Courage,acrylic
3300x4800,Surprise of Education,oil
1200x1800,Tawdry Honor,graffiti
3300x4200,Contracts of Balance,panorama
3300x4200,Eminent Feast,graffiti
2550x3300,Courteous Liberty,graffiti
3300x4800,Change of Parenthood,panorama
900x1500,Goal,graffiti
2700x4800,Protest of Childhood,panorama
3300x4200,Protest of Childhood,acrylic
3300x4800,Onerous Flower,panorama
1500x2100,Fanatical Dust,graffiti
2700x4800,Repulsive Entrance,acrylic
1200x1800,Appearance,oil
3300x4200,Courteous Liberty,oil
3300x4200,Fall of Anxiety,panorama
2550x3300,Possessions,panorama
2400x3000,Pride of Purpose,oil
3300x4800,Possessions,acrylic
3300x4200,Price,acrylic
2700x4800,Miracles of Blood,graffiti
1200x1800,Onerous Flower,panorama
2400x2400,Contracts of Balance,graffiti
3300x4200,Ruthless Country,panorama
2550x3300,Goal of Dreams,acrylic
3300x4200,Doll of Darkness,panorama
2400x2400,Edge of Change,panorama
2400x2400,Active Confidence,panorama
2400x2400,Basis,acrylic
2550x3300,Democracy,oil
2700x4800,Jealous Future,oil
3300x4200,Mistakes of Love,graffiti
1200x1800,Honesty of Culture,acrylic
2550x3300,Courage of Nobody,graffiti
1200x1800,Incident of Finance,panorama
2700x4800,Eminent Feast,oil
3300x4800,Conversations of Opportunity,acrylic
900x1500,Permission of Misery,oil
1200x1800,Shallow Boyfriend,acrylic
2550x3300,Repulsive Division,graffiti
900x1500,Basis,graffiti
2400x2400,Motions of Honesty,panorama
2700x4800,Appearance,panorama
2700x4800,Edge of Change,panorama
2550x3300,Jealous Future,graffiti
2700x4800,Fanatical Dust,acrylic
900x1500,Shameless Charity,graffiti
3300x4200,Fall of Anxiety,panorama
3300x4200,Business,oil
3300x4200,Confidence of Culture,acrylic
3300x4200,Storm,panorama
900x1500,Depressions of Misery,acrylic
1500x2100,Courteous Liberty,graffiti
2400x3000,Grieving Bother,graffiti
2400x2400,Divide of Death,panorama
2700x4800,Tawdry Curiosity,acrylic
2400x2400,Ancient Spoils,graffiti
1500x2100,Miracles of Blood,panorama
1200x1800,Miracles of Love,graffiti
1200x1800,Conversations of Opportunity,oil
2550x3300,Paltry Demand,oil
3300x4200,Cover of Charity,panorama
900x1500,Courage of Nobody,oil
1500x2100,Enhancement of Significance,oil
3300x4200,Couple,acrylic
2400x3000,Grieving Bother,acrylic
900x1500,Curiosity of Imagination,oil
2400x3000,Edge of Change,acrylic
2400x3000,Champions of Confusion,acrylic
900x1500,Dictator,acrylic
3300x4200,Contracts of Balance,acrylic
3300x4800,Turbulent Honesty,panorama
2400x2400,Priority of Life,graffiti
1500x2100,Cover of Charity,graffiti
1200x1800,Belief of Courage,graffiti
900x1500,Mistakes of Love,acrylic
2400x2400,Courage of Nobody,acrylic
2400x2400,Chaos,graffiti
2400x2400,Democracy,panorama
900x1500,Might of Passion,graffiti
2400x3000,Protest of Childhood,oil
1500x2100,Courage of Nobody,oil
2550x3300,Clerk,panorama
2400x3000,Fanatical Dust,oil
2400x3000,Grieving Bother,graffiti
900x1500,Shame,panorama
2400x2400,Display,oil
2400x2400,Servant,oil
3300x4800,Champions of Confusion,acrylic
3300x4800,Storm,acrylic
3300x4800,Shallow Boyfriend,oil
1500x2100,Repulsive Entrance,graffiti
2400x3000,Veiled Friendship,oil
1500x2100,Forsaken Sanity,acrylic
2700x4800,Problems of Reality,oil
3300x4200,Fragile Spring,graffiti
2550x3300,Chains of Jealousy,panorama
3300x4800,City of Emotion,graffiti
3300x4800,Servant of Opportunity,panorama
2400x2400,Paltry Demand,panorama
2400x3000,Delight of Blood,panorama
3300x4800,Defeat of Storms,acrylic
3300x4800,Change of Parenthood,oil
1500x2100,Active Confidence,oil
2700x4800,Eminent Feast,acrylic
3300x4200,Conversations of Opportunity,panorama
3300x4800,Enchanting Blame,oil
1500x2100,Basis,graffiti
2700x4800,Attractive Audience,graffiti
3300x4800,Wounds of Abuse,panorama
2400x2400,Independence,graffiti
2550x3300,Possessions of Crime,acrylic
2400x3000,Accidents of Employment,oil
1200x1800,Price,panorama
1200x1800,Protest of Childhood,acrylic
900x1500,Protest of Childhood,panorama
2700x4800,Collar of Uncertainty,oil
2700x4800,False Courage,oil
2700x4800,Basis,acrylic
1500x2100,Unfortunate Fall,acrylic
2400x3000,Tranquil Jewel,oil
3300x4200,Gracious Traditions,oil
2550x3300,Impact of Solitude,oil
2400x3000,Chains of Jealousy,acrylic
1200x1800,Contracts of Balance,panorama
3300x4200,Change of Parenthood,graffiti
900x1500,Defeat of Storms,panorama
900x1500,Liberty,graffiti
2400x3000,Honesty of Culture,panorama
2700x4800,Confidence of Culture,graffiti
2400x2400,Might of Passion,graffiti
3300x4200,Contracts of Balance,acrylic
900x1500,Repulsive Division,acrylic
900x1500,Veiled Friendship,oil
2400x3000,Onerous Flower,graffiti
2700x4800,Defeat of Storms,acrylic
2400x3000,Invincible Anger,graffiti
3300x4800,Ancient Spoils,oil
1200x1800,Appearance,panorama
2400x3000,Price,graffiti
1500x2100,Veiled Friendship,panorama
2550x3300,Couple,graffiti
2700x4800,Edge of Change,panorama
3300x4200,Infernal Assistant,graffiti
2550x3300,Edge of Change,graffiti
900x1500,Surprise of Education,panorama
3300x4200,Onerous Flower,oil
2700x4800,Depression of Psychology,panorama
1200x1800,Crash of Patriotism,panorama
2400x2400,Pride of Purpose,graffiti
2400x3000,Courteous Liberty,acrylic
3300x4800,Miracles of Blood,acrylic
3300x4800,Servant,graffiti
3300x4800,Pride of Education,oil
3300x4800,Jealous Future,acrylic
3300x4800,Doll of Darkness,graffiti
3300x4200,Servant,graffiti
1500x2100,Display,panorama
1200x1800,Pride of Purpose,oil
2400x2400,Courteous Liberty,graffiti
2400x2400,Cover of Charity,acrylic
3300x4200,Fall,panorama
3300x4800,Courteous Liberty,graffiti
2400x2400,Protest of Childhood,acrylic
2400x2400,Miracles of Blood,oil
3300x4800,Worthless Confidence,panorama
3300x4800,Curiosity of Imagination,acrylic
900x1500,Fragile Spring,oil
2400x2400,Curiosity of Imagination,oil
2400x3000,Contracts of Balance,panorama
2400x2400,Edge of Change,panorama
3300x4200,Loyalty of Delight,acrylic
3300x4200,Goal of Dreams,oil
2400x2400,Amusing Contract,graffiti
2400x3000,Liberty,graffiti
1500x2100,Liberty,acrylic
1200x1800,Sign of Curiosity,acrylic
900x1500,Pride of Education,acrylic
1200x1800,Wound,panorama
2700x4800,Pride of Education,acrylic
2400x3000,Honesty of Culture,oil
2550x3300,Edge of Change,panorama
3300x4800,Champions of Confusion,panorama
2550x3300,Goal of Dreams,graffiti
2550x3300,Business,graffiti
1200x1800,Punishment,graffiti
2400x2400,Appearance,graffiti
1500x2100,Submission,acrylic
3300x4800,Onerous Flower,acrylic
1200x1800,Permission of Misery,graffiti
900x1500,Romance,acrylic
2550x3300,Tranquil Jewel,graffiti
3300x4800,Consequence of Parenthood,panorama
2400x3000,Forsaken Sanity,oil
1500x2100,Chains of Jealousy,oil
2400x3000,Aftermath,acrylic
2400x2400,Infernal Assistant,acrylic
2400x2400,Awoken Divide,graffiti
3300x4800,Chaos,oil
1500x2100,Goal,panorama
1200x1800,Shame,graffiti
1500x2100,Delight of Blood,acrylic
3300x4800,Aftermath,panorama
900x1500,Infernal Assistant,oil
2400x3000,Awoken Divide,graffiti
2400x3000,Enchanting Blame,graffiti
2550x3300,Chains of Jealousy,acrylic
3300x4800,Doll of Darkness,acrylic
2700x4800,Display,acrylic
2400x2400,Might of Passion,acrylic
2400x3000,Tawdry Curiosity,graffiti
2400x3000,Infernal Assistant,graffiti
2400x3000,City of Emotion,oil
1500x2100,Priority,oil
2550x3300,Curiosity of Imagination,panorama
2400x3000,Submission,acrylic
2550x3300,Democracy,panorama
1200x1800,Clerk,oil
2550x3300,Perspective of Frailty,graffiti
3300x4200,Loyalty of Delight,panorama
3300x4200,Broken Cover,graffiti
3300x4200,Environment,graffiti
2550x3300,Might of Passion,graffiti
2550x3300,Courteous Liberty,panorama
2700x4800,Turbulent Honesty,panorama
1500x2100,Shameless Charity,panorama
2400x2400,Possessions,panorama
900x1500,Priority,oil
2400x2400,Mistakes of Love,graffiti
3300x4800,Wild,acrylic
1200x1800,Infernal Assistant,acrylic
3300x4800,Romance,graffiti
3300x4200,Influence,graffiti
3300x4800,Confidence of Culture,graffiti
3300x4800,Protest of Childhood,oil
1500x2100,Honesty of Culture,graffiti
3300x4200,Depression of Psychology,panorama
1200x1800,Fall of Anxiety,panorama
2400x2400,Miracles of Love,panorama
3300x4200,Ancient Spoils,acrylic
900x1500,Fanatical Dust,oil
2400x2400,Submission,acrylic
2700x4800,Attractive Audience,oil
2700x4800,Change of Parenthood,graffiti
3300x4200,Crash of Patriotism,acrylic
1500x2100,Tawdry Honor,acrylic
2700x4800,Shallow Boyfriend,oil
2700x4800,Contracts of Balance,oil
3300x4200,Smoke of Bravery,oil
1500x2100,Motions of Honesty,acrylic
3300x4200,Wound,oil
3300x4800,Attractive Audience,acrylic
2550x3300,Repulsive Division,graffiti
3300x4800,City of Emotion,oil
1500x2100,Afterthoughts of Pride,panorama
2700x4800,Dictator,oil
3300x4800,Tawdry Curiosity,acrylic
900x1500,Democracy,oil
1500x2100,Liberty,graffiti
900x1500,Jealous Future,panorama
2400x2400,Fanatical Dust,acrylic
1500x2100,Edge of Change,graffiti
900x1500,Smoke of Brilliance,oil
3300x4200,Liberty,acrylic
1500x2100,Goal of Dreams,panorama
900x1500,Servant of Opportunity,graffiti
2550x3300,Smoke of Bravery,oil
900x1500,Voiceless Autumn,panorama
1500x2100,Wounds of Abuse,graffiti
2550x3300,Ruthless Country,oil
2700x4800,Redemption of Sensitivity,oil
1500x2100,Fragile Spring,oil
2700x4800,Goal of Dreams,graffiti
1500x2100,Miracles of Blood,panorama
3300x4800,Destruction of Blood,graffiti
2550x3300,Unfortunate Fall,acrylic
2700x4800,Storm,graffiti
1200x1800,Curiosity of Imagination,panorama
3300x4200,Dictator,acrylic
3300x4200,Protest of Childhood,graffiti
2700x4800,Delight of Blood,graffiti
2400x3000,Tawdry Honor,panorama
2700x4800,Fanatical Dust,graffiti
2400x3000,City of Emotion,acrylic
3300x4200,Contracts of Balance,graffiti
1500x2100,Tawdry Honor,oil
1500x2100,Fanatical Dust,graffiti
3300x4200,Courteous Liberty,graffiti
3300x4800,Jealous Future,oil
2700x4800,Amusing Contract,graffiti
2700x4800,Honesty of Culture,graffiti
3300x4800,Tawdry Curiosity,oil
2400x2400,Eminent Feast,oil
1500x2100,Aftermath,graffiti
2400x2400,Amusing Contract,panorama
900x1500,Unfortunate Fall,oil
2400x2400,Storm,oil
900x1500,Wild,oil
1500x2100,Courteous Liberty,graffiti
3300x4200,Goal,panorama
3300x4800,Goal,panorama
2400x2400,Confidence of Culture,oil
2400x2400,Mistakes of Love,oil
1500x2100,Appearance,oil
2700x4800,Protest of Childhood,panorama
1200x1800,Democracy,panorama
1200x1800,Fall,acrylic
1200x1800,Worthless Confidence,graffiti
3300x4200,Impact of Solitude,panorama
2550x3300,Pride of Purpose,panorama
3300x4800,Loyalty of Delight,oil
900x1500,Depressions of Misery,oil
2700x4800,Smoke of Bravery,acrylic
3300x4800,Priority,acrylic
1500x2100,Redemption of Sensitivity,acrylic
3300x4200,Priority of Life,graffiti
1200x1800,Servant,oil
900x1500,Miracles of Blood,graffiti
3300x4200,Surprise of Education,graffiti
2700x4800,Redemption of Sensitivity,graffiti
2400x3000,Lonely Cobweb,panorama
2700x4800,Loyalty of Delight,acrylic
1200x1800,Wound,graffiti
2700x4800,Collar of Uncertainty,oil
3300x4200,Paltry Demand,oil
900x1500,Fall of Anxiety,oil
900x1500,Price,graffiti
900x1500,Goal of Dreams,graffiti
3300x4800,Basis,panorama
1200x1800,Cover of Charity,graffiti
2400x2400,Depressions of Misery,graffiti
1500x2100,Miracles of Blood,graffiti
2700x4800,Honesty of Culture,panorama
1500x2100,Amusing Contract,graffiti
1200x1800,Influence,acrylic
1200x1800,Crash of Patriotism,graffiti
2400x2400,Paltry Demand,oil
2550x3300,Surprise of Education,graffiti
1200x1800,Price,graffiti
1500x2100,Infernal Assistant,graffiti
2400x3000,Romance,acrylic
1500x2100,Ancient Spoils,panorama
2400x2400,Active Confidence,graffiti
2700x4800,Dictator,acrylic
2400x3000,Environment,graffiti
1200x1800,Doll of Darkness,acrylic
1500x2100,Jealous Future,oil
2400x2400,Tawdry Curiosity,panorama
1500x2100,Worthless Confidence,panorama
1200x1800,Contracts of Balance,oil
3300x4200,Basis,graffiti
2550x3300,Miracles of Love,graffiti
2700x4800,Honesty of Culture,panorama
2700x4800,Turbulent Honesty,acrylic
2400x3000,Jealous Future,graffiti
1500x2100,Attractive Audience,graffiti
2400x2400,Eminent Feast,acrylic
2400x2400,Spring of Mystery,panorama
3300x4800,Independence,oil
2400x3000,Collar of Uncertainty,graffiti
2400x2400,Problems of Reality,oil
2700x4800,City of Emotion,graffiti
2550x3300,Contracts of Balance,acrylic
2700x4800,Perspective of Frailty,oil
3300x4200,Surprise of Culture,acrylic
2400x2400,Enchanting Blame,panorama
1500x2100,Veiled Friendship,graffiti
2400x2400,Fanatical Dust,acrylic
1200x1800,Pride of Purpose,graffiti
2550x3300,Doll of Darkness,graffiti
2400x2400,Action,panorama
3300x4800,Tawdry Honor,panorama
3300x4800,Tranquil Jewel,acrylic
2400x2400,Smoke of Bravery,panorama
1500x2100,Enhancement of Significance,acrylic
2550x3300,Accidents of Employment,oil
900x1500,Motions of Honesty,acrylic
3300x4800,Protest of Childhood,panorama
1500x2100,Priority of Life,graffiti
2700x4800,Fanatical Dust,panorama
900x1500,Romance,panorama
2400x2400,Amusing Contract,acrylic
1200x1800,Surprise of Education,panorama
900x1500,Business,graffiti
1500x2100,Afterthoughts of Pride,oil
2400x2400,Fragile Spring,oil
2550x3300,Unfortunate Fall,acrylic
2550x3300,Enhancement of Significance,graffiti
3300x4800,Onerous Flower,oil
1500x2100,Fragile Spring,panorama
2400x2400,Permission of Misery,acrylic
2550x3300,Veiled Friendship,graffiti
1500x2100,Basis,panorama
900x1500,Problems of Reality,graffiti
900x1500,Priority of Life,graffiti
2550x3300,Courage of Nobody,graffiti
1200x1800,Honesty of Culture,oil
1200x1800,Eminent Feast,panorama
3300x4800,Contracts of Balance,graffiti
3300x4200,Divide of Death,oil
2400x3000,Price,oil
900x1500,Edge of Change,acrylic
2400x2400,Doll of Darkness,oil
2550x3300,Mistakes of Love,acrylic
2400x3000,Depressions of Misery,graffiti
2400x3000,Courteous Liberty,panorama
1500x2100,Chains of Jealousy,oil
1500x2100,Ruthless Country,acrylic
3300x4200,Scandalous Dimension,acrylic
1200x1800,Couple,panorama
2400x3000,Accidents of Employment,panorama
2550x3300,Confidence of Culture,graffiti
2700x4800,Spring of Mystery,graffiti
2400x2400,Turbulent Honesty,acrylic
2550x3300,Confidence of Culture,panorama
3300x4800,Motions of Honesty,graffiti
2400x2400,Depression of Psychology,graffiti
3300x4200,Turbulent Honesty,oil
3300x4200,Belief of Courage,oil
1200x1800,Unfortunate Fall,graffiti
2400x2400,Business,acrylic
3300x4200,Shameless Charity,acrylic
1500x2100,Jealous Future,graffiti
2700x4800,Servant of Opportunity,panorama
900x1500,Dictator,graffiti
2550x3300,Defeat of Storms,graffiti
2400x3000,Display,acrylic
2550x3300,Awoken Divide,panorama
2400x3000,Impact of Solitude,acrylic
3300x4200,Wild,acrylic
2550x3300,Miracles of Love,acrylic
2550x3300,Priority,graffiti
1500x2100,Permission of Misery,panorama
900x1500,Infernal Assistant,graffiti
2700x4800,Courteous Liberty,acrylic
3300x4200,Forsaken Sanity,panorama
2700x4800,Gracious Traditions,graffiti
3300x4200,Dictator,graffiti
1200x1800,Ancient Spoils,panorama
2550x3300,Spring of Mystery,panorama
2400x2400,Desires of Pride,acrylic
3300x4200,Conversations of Opportunity,graffiti
2400x2400,Mistakes of Love,graffiti
1200x1800,Sign of Curiosity,panorama
900x1500,Repulsive Entrance,panorama
1500x2100,Redemption of Sensitivity,oil
3300x4200,Repulsive Division,graffiti
2400x3000,Display,acrylic
2550x3300,Couple,oil
1500x2100,Surprise of Education,graffiti
1200x1800,Desires of Pride,panorama
2550x3300,False Courage,acrylic
900x1500,Fall of Anxiety,graffiti
3300x4800,Fragile Spring,graffiti
1500x2100,Shame,panorama
3300x4200,Forsaken Sanity,acrylic
2400x2400,Cover of Charity,oil
1500x2100,Miracles of Blood,oil
2400x3000,Gracious Traditions,panorama
2700x4800,Conversations of Opportunity,panorama
900x1500,Ruthless Country,oil
2400x3000,Protest of Childhood,graffiti
1500x2100,City of Emotion,acrylic
1500x2100,Destruction of Blood,graffiti
2550x3300,Belief of Courage,acrylic
2700x4800,Display,acrylic
1200x1800,Wounds of Abuse,acrylic
2400x2400,Eminent Feast,graffiti
1500x2100,Redemption of Sensitivity,acrylic
2400x3000,Eminent Feast,acrylic
2700x4800,Broken Cover,oil
1200x1800,Influence,acrylic
2550x3300,Shame,acrylic
2700x4800,Contracts of Balance,panorama
2550x3300,Environment,oil
2400x2400,Fanatical Dust,graffiti
1200x1800,Liberty,acrylic
3300x4800,Onerous Flower,oil
2400x3000,Honesty of Culture,acrylic
2400x2400,Veiled Friendship,oil
2550x3300,Miracles of Blood,acrylic
2700x4800,Consequence of Parenthood,graffiti
3300x4200,Smoke of Bravery,oil
2400x3000,False Courage,oil
2700x4800,Enhancement of Significance,acrylic
1500x2100,Collar of Uncertainty,oil
2400x3000,Smoke of Bravery,panorama
1200x1800,Romance,graffiti
2700x4800,Collar of Uncertainty,panorama
1200x1800,Active Confidence,oil
2550x3300,Contracts of Balance,acrylic
3300x4800,Defeat of Storms,panorama
1200x1800,Pride of Purpose,graffiti
1200x1800,Price,oil
2400x3000,Doll of Darkness,panorama
1500x2100,Amusing Contract,acrylic
1500x2100,Amusing Contract,graffiti
2550x3300,Storm,graffiti
2700x4800,Courteous Liberty,graffiti
2550x3300,Amusing Contract,graffiti
2400x3000,Collar of Uncertainty,acrylic
3300x4800,Cover of Charity,graffiti
1500x2100,Unfortunate Fall,panorama
2400x3000,Possessions of Crime,graffiti
1200x1800,Shameless Charity,panorama
2700x4800,Punishment,acrylic
2700x4800,False Courage,acrylic
3300x4200,Redemption of Sensitivity,acrylic
3300x4800,Wound,oil
3300x4800,Jealous Future,graffiti
3300x4200,Turbulent Honesty,graffiti
2400x2400,Depressions of Misery,graffiti
900x1500,Infernal Assistant,oil
2400x3000,Change of Parenthood,acrylic
2400x2400,Jealous Future,graffiti
3300x4800,Enchanting Blame,graffiti
2400x3000,Cover of Charity,acrylic
2700x4800,Sign of Curiosity,oil
1500x2100,Display,oil
2400x3000,Servant,panorama
2400x2400,Veiled Friendship,panorama
1500x2100,Flowers of Dreams,graffiti
2400x3000,False Courage,graffiti
2700x4800,Change of Parenthood,graffiti
2700x4800,Redemption of Sensitivity,oil
3300x4200,Cover of Charity,acrylic
3300x4200,Veiled Friendship,oil
1200x1800,Goal,oil
2400x3000,Contracts of Balance,graffiti
2700x4800,Priority,oil
3300x4800,Dictator,graffiti
900x1500,Sign of Curiosity,panorama
2400x3000,Enhancement of Significance,graffiti
1200x1800,Voiceless Autumn,graffiti
2700x4800,Amusing Contract,oil
2700x4800,Lonely Cobweb,acrylic
2550x3300,Goal of Dreams,acrylic
1500x2100,Attractive Audience,oil
900x1500,Infernal Assistant,panorama
2700x4800,Punishment,panorama
3300x4200,Unfortunate Fall,graffiti
1200x1800,Belief of Courage,panorama
1500x2100,Shameless Charity,acrylic
1500x2100,Enchanting Blame,oil
1500x2100,Priority of Life,panorama
2400x2400,Possessions,graffiti
1500x2100,Independence,panorama
3300x4200,Independence,graffiti
2550x3300,Curiosity of Imagination,panorama
3300x4800,Problems of Reality,oil
1500x2100,Fanatical Dust,panorama
2700x4800,Influence,oil
2400x3000,Protest of Childhood,graffiti
1500x2100,Turbulent Honesty,acrylic
3300x4800,Environment,graffiti
1500x2100,Independence,graffiti
1500x2100,Surprise of Education,graffiti
3300x4800,Wounds of Abuse,panorama
2700x4800,Surprise of Education,panorama
2400x2400,Pride of Purpose,graffiti
3300x4200,Aftermath,panorama
1200x1800,Edge of Change,panorama
2550x3300,Punishment,oil
3300x4800,Democracy,panorama
3300x4200,Honesty of Culture,acrylic
2400x2400,Infernal Assistant,oil
3300x4200,Protest of Childhood,acrylic
1200x1800,Ruthless Country,graffiti
1200x1800,Repulsive Division,panorama
2400x2400,Couple,graffiti
2550x3300,Possessions,oil
2400x3000,Pride of Education,acrylic
3300x4200,Mistakes of Love,oil
1200x1800,Mistakes of Love,graffiti
1500x2100,Afterthoughts of Pride,panorama
2400x2400,Edge of Change,graffiti
3300x4800,City of Emotion,panorama
1200x1800,Price,panorama
3300x4800,Might of Passion,graffiti
3300x4800,Romance,panorama
2400x3000,Confidence of Culture,panorama
2550x3300,Amusing Contract,panorama
2400x3000,Price,graffiti
1200x1800,City of Emotion,panorama
900x1500,Tawdry Curiosity,graffiti
2400x3000,Unfortunate Fall,oil
900x1500,Tranquil Jewel,panorama
900x1500,Flowers of Dreams,acrylic
2550x3300,Environment,oil
2400x2400,Servant,panorama
2400x3000,Ruthless Country,acrylic
2700x4800,Punishment,oil
3300x4800,Shame,panorama
1500x2100,Repulsive Division,acrylic
900x1500,Depressions of Misery,acrylic
2700x4800,Contracts of Balance,acrylic
2700x4800,Submission,oil
2550x3300,Ancient Spoils,panorama
2400x3000,Onerous Flower,graffiti
3300x4800,Fragile Spring,acrylic
1500x2100,Chains of Jealousy,oil
2400x2400,Grieving Bother,panorama
3300x4200,Smoke of Bravery,panorama
2400x2400,Attractive Audience,acrylic
2550x3300,Independence,acrylic
2550x3300,Courteous Liberty,acrylic
3300x4200,Afterthoughts of Pride,graffiti
2700x4800,Courage,panorama
1500x2100,Incident of Finance,acrylic
2700x4800,Miracles of Love,panorama
2400x2400,Depression of Psychology,oil
2400x3000,Active Confidence,panorama
1200x1800,Chaos,graffiti
900x1500,Wild,acrylic
2700x4800,Ancient Spoils,oil
2550x3300,Possessions,acrylic
2550x3300,City of Emotion,graffiti
2400x3000,Protest of Childhood,panorama
1200x1800,Crash of Patriotism,panorama
1200x1800,City of Emotion,oil
3300x4800,Price,panorama
2700x4800,Miracles of Blood,oil
2400x2400,Attractive Audience,oil
2400x2400,Servant of Opportunity,panorama
2400x3000,Tawdry Honor,oil
1200x1800,Couple,panorama
3300x4200,Courage of Nobody,acrylic
2550x3300,Wild,oil
3300x4200,Grieving Bother,graffiti
2700x4800,Courage,acrylic
1200x1800,Infernal Assistant,acrylic
1500x2100,Miracles of Blood,acrylic
900x1500,Goal,graffiti
1500x2100,Priority,oil
3300x4800,Consequence of Parenthood,acrylic
1500x2100,Champions of Confusion,acrylic
1500x2100,Priority of Life,oil
3300x4200,Basis,graffiti
2400x3000,Might of Passion,acrylic
2400x2400,Appearance,acrylic
2400x3000,Miracles of Blood,oil
3300x4800,Enhancement of Significance,graffiti
3300x4200,Lonely Cobweb,graffiti
1500x2100,Wound,oil
2700x4800,Mistakes of Love,acrylic
3300x4800,Submission,graffiti
2700x4800,Enhancement of Significance,oil
1500x2100,Romance,panorama
2400x3000,Fragile Spring,panorama
2550x3300,Jealous Future,oil
2550x3300,Depression of Psychology,acrylic
2700x4800,City of Emotion,panorama
3300x4800,Amusing Contract,graffiti
2400x3000,Gracious Traditions,acrylic
3300x4200,Possessions of Crime,acrylic
1200x1800,Eminent Feast,graffiti
2400x2400,Destruction of Blood,graffiti
900x1500,Mistakes of Love,graffiti
1500x2100,Desires of Pride,panorama
2400x2400,Crash of Patriotism,oil
1500x2100,Chains of Jealousy,panorama
900x1500,Jealous Future,oil
900x1500,Chains of Jealousy,panorama
3300x4200,Surprise of Education,acrylic
1500x2100,False Courage,panorama
1200x1800,Cover of Charity,panorama
2400x2400,Tawdry Honor,panorama
2550x3300,Wound,graffiti
2700x4800,Permission of Misery,oil
2400x2400,Basis,oil
2400x2400,Servant,acrylic
1200x1800,Chaos,graffiti
2700x4800,Voiceless Autumn,panorama
1200x1800,Attractive Audience,graffiti
900x1500,Wild,oil
2400x2400,Aftermath,oil
900x1500,Chains of Jealousy,panorama
2400x2400,Protest of Childhood,panorama
2400x3000,Business,acrylic
3300x4200,Unfortunate Fall,acrylic
900x1500,Action,panorama
1500x2100,Problems of Reality,panorama
2400x3000,Ancient Spoils,graffiti
2400x3000,Desires of Pride,graffiti
2400x2400,Honesty of Culture,oil
1200x1800,Enchanting Blame,graffiti
2550x3300,Contracts of Balance,panorama
3300x4200,Chaos,graffiti
2400x2400,Goal,acrylic
2400x3000,Pride of Purpose,acrylic
2550x3300,Edge of Change,oil
2700x4800,Belief of Courage,oil
1500x2100,Courage of Nobody,acrylic
2400x2400,Defeat of Storms,panorama
3300x4200,Unfortunate Fall,panorama
2400x2400,Wounds of Abuse,graffiti
2400x2400,Price,oil
2700x4800,Fall,panorama
3300x4800,Shallow Boyfriend,oil
1200x1800,Dictator,oil
1500x2100,Clerk,graffiti
1500x2100,Smoke of Bravery,oil
1200x1800,Amusing Contract,panorama
900x1500,Incident of Finance,oil
3300x4800,Broken Cover,acrylic
2700x4800,Miracles of Blood,oil
1200x1800,Couple,panorama
3300x4800,Onerous Flower,acrylic
2550x3300,Price,panorama
3300x4200,Crash of Patriotism,panorama
3300x4200,Pride of Education,panorama
3300x4800,Incident of Finance,acrylic
900x1500,Possessions of Crime,acrylic
1200x1800,Turbulent Honesty,graffiti
900x1500,Romance,graffiti
2400x2400,Repulsive Division,acrylic
2550x3300,Servant,panorama
1500x2100,Priority of Life,acrylic
3300x4800,Submission,oil
2550x3300,Infernal Assistant,panorama
2400x3000,Spring of Mystery,panorama
2400x2400,Broken Cover,oil
2700x4800,Chaos,graffiti
2550x3300,Permission of Misery,oil
3300x4800,Contracts of Balance,panorama
3300x4800,Business,panorama
900x1500,Possessions,oil
2400x3000,Clerk,panorama
1200x1800,Honesty of Culture,oil
1200x1800,Romance,acrylic
3300x4200,Curiosity of Imagination,graffiti
2700x4800,Divide of Death,panorama
2400x3000,Democracy,panorama
3300x4800,Honesty of Culture,panorama
3300x4200,Redemption of Sensitivity,oil
2550x3300,Permission of Misery,acrylic
900x1500,Protest of Childhood,oil
2400x2400,Defeat of Storms,oil
2400x3000,Permission of Misery,panorama
3300x4200,Courteous Liberty,oil
2400x3000,Dictator,panorama
1200x1800,Servant of Opportunity,acrylic
2400x3000,Awoken Divide,panorama
900x1500,Problems of Reality,acrylic
3300x4200,Romance,oil
900x1500,Wild,graffiti
900x1500,Possessions of Crime,graffiti
1200x1800,Edge of Change,oil
1500x2100,Grieving Bother,acrylic
1200x1800,Pride of Education,acrylic
900x1500,Broken Cover,acrylic
2400x3000,False Courage,panorama
1200x1800,Broken Cover,oil
2400x2400,Influence,oil
2400x2400,Divide of Death,oil
2550x3300,Destruction of Blood,panorama
3300x4800,Amusing Contract,panorama
1500x2100,Consequence of Parenthood,graffiti
1200x1800,Action,oil
3300x4200,Submission,oil
900x1500,Conversations of Opportunity,graffiti
2400x2400,Enhancement of Significance,oil
1500x2100,Mistakes of Love,graffiti
900x1500,Influence,acrylic
1500x2100,Punishment,graffiti
1500x2100,Doll of Darkness,oil
1200x1800,Voiceless Autumn,acrylic
2400x3000,Priority,graffiti
900x1500,Shallow Boyfriend,oil
3300x4800,Veiled Friendship,panorama
900x1500,Broken Cover,panorama
3300x4800,Sign of Curiosity,oil
2550x3300,City of Emotion,graffiti
1200x1800,Repulsive Entrance,panorama
1200x1800,Change of Parenthood,oil
3300x4200,Honesty of Culture,graffiti
3300x4800,Surprise of Education,oil
2550x3300,Miracles of Love,oil
2700x4800,Flowers of Dreams,oil
3300x4200,Spring of Mystery,acrylic
1200x1800,Appearance,oil
1200x1800,Defeat of Storms,oil
3300x4200,Jealous Future,acrylic
2400x2400,Active Confidence,acrylic
2700x4800,Veiled Friendship,panorama
3300x4200,Price,panorama
2400x3000,Appearance,panorama
3300x4200,Change of Parenthood,acrylic
2400x3000,Protest of Childhood,panorama
3300x4200,Price,oil
2700x4800,Miracles of Blood,panorama
3300x4200,Afterthoughts of Pride,oil
3300x4200,Shameless Charity,oil
1500x2100,Punishment,panorama
900x1500,Delight of Blood,graffiti
3300x4800,City of Emotion,acrylic
3300x4200,Democracy,oil
2700x4800,Amusing Contract,graffiti
3300x4800,Belief of Courage,oil
1500x2100,Sign of Curiosity,acrylic
1500x2100,Wounds of Abuse,acrylic
2400x2400,Clerk,graffiti
2550x3300,Perspective of Frailty,panorama
2550x3300,Redemption of Sensitivity,panorama
2400x2400,Tawdry Honor,oil
3300x4200,Attractive Audience,oil
2700x4800,Delight of Blood,graffiti
900x1500,Shallow Boyfriend,acrylic
2400x2400,Wild,panorama
1200x1800,Forsaken Sanity,graffiti
3300x4800,Problems of Reality,acrylic
2400x2400,Goal of Dreams,graffiti
1500x2100,Depressions of Misery,graffiti
1500x2100,Impact of Solitude,graffiti
900x1500,Champions of Confusion,panorama
2700x4800,Attractive Audience,acrylic
2400x3000,Tranquil Jewel,graffiti
1200x1800,Action,acrylic
1500x2100,Gracious Traditions,graffiti
2400x2400,Influence,panorama
2400x2400,False Courage,panorama
900x1500,Might of Passion,oil
1500x2100,Display,acrylic
2700x4800,Wounds of Abuse,graffiti
1200x1800,Amusing Contract,panorama
2400x2400,Shallow Boyfriend,oil
1500x2100,Sign of Curiosity,panorama
2400x2400,Wounds of Abuse,acrylic
2700x4800,Depression of Psychology,panorama
2400x2400,Ancient Spoils,graffiti
3300x4800,Goal,panorama
2400x2400,City of Emotion,panorama
3300x4800,Environment,graffiti
2550x3300,Tawdry Curiosity,panorama
2550x3300,Accidents of Employment,oil
3300x4800,Priority,acrylic
3300x4800,Surprise of Education,oil
3300x4800,Surprise of Culture,graffiti
900x1500,Courage,acrylic
1200x1800,Destruction of Blood,acrylic
900x1500,Paltry Demand,panorama
2400x3000,Environment,acrylic
2400x2400,Edge of Change,oil
3300x4800,Fall of Anxiety,graffiti
2400x3000,Tawdry Honor,graffiti
2400x2400,Tranquil Jewel,oil
1500x2100,Price,graffiti
1200x1800,Basis,oil
3300x4200,Eminent Feast,oil
2400x3000,City of Emotion,graffiti
3300x4200,Onerous Flower,panorama
1500x2100,Infernal Assistant,acrylic
2400x3000,Surprise of Education,graffiti
2700x4800,Amusing Contract,oil
2400x3000,Divide of Death,panorama
2400x3000,Confidence of Culture,panorama
2400x3000,Collar of Uncertainty,oil
3300x4800,Worthless Confidence,acrylic
2550x3300,Might of Passion,acrylic
3300x4800,Display,panorama
2550x3300,Turbulent Honesty,graffiti
3300x4200,Depressions of Misery,acrylic
1500x2100,Repulsive Entrance,panorama
1200x1800,Desires of Pride,graffiti
3300x4200,Servant of Opportunity,oil
2550x3300,Miracles of Blood,panorama
1200x1800,Permission of Misery,graffiti
900x1500,Collar of Uncertainty,panorama
2700x4800,Surprise of Education,acrylic
1200x1800,Possessions,acrylic
900x1500,Champions of Confusion,panorama
1200x1800,Fragile Spring,panorama
3300x4200,Basis,graffiti
900x1500,Permission of Misery,panorama
3300x4800,Protest of Childhood,panorama
2550x3300,Doll of Darkness,graffiti
3300x4200,Forsaken Sanity,oil
2700x4800,Tawdry Curiosity,acrylic
1200x1800,Depressions of Misery,acrylic
1500x2100,Appearance,graffiti
1500x2100,Redemption of Sensitivity,panorama
3300x4200,Price,graffiti
2400x3000,Display,panorama
3300x4200,Voiceless Autumn,acrylic
2400x2400,Miracles of Blood,graffiti
2550x3300,Courteous Liberty,panorama
1500x2100,Servant,oil
2400x2400,Independence,panorama
900x1500,Defeat of Storms,acrylic
2400x2400,Miracles of Blood,graffiti
2700x4800,Surprise of Education,oil
2400x2400,Wounds of Abuse,graffiti
3300x4200,Repulsive Entrance,acrylic
2400x2400,Forsaken Sanity,acrylic
2550x3300,Confidence of Culture,panorama
3300x4200,Depressions of Misery,oil
2700x4800,Permission of Misery,oil
2700x4800,Cover of Charity,panorama
2400x2400,Servant of Opportunity,panorama
2700x4800,False Courage,oil
2700x4800,City of Emotion,oil
2400x3000,Flowers of Dreams,panorama
3300x4800,Servant of Opportunity,panorama
1200x1800,Unfortunate Fall,panorama
900x1500,Fragile Spring,acrylic
1500x2100,Romance,oil
2700x4800,Surprise of Education,graffiti
900x1500,Environment,panorama
3300x4800,Priority of Life,graffiti
2700x4800,Democracy,oil
1200x1800,Chaos,graffiti
2400x2400,Pride of Education,acrylic
900x1500,Priority,acrylic
1200x1800,Change of Parenthood,oil
2400x2400,Goal of Dreams,acrylic
2700x4800,Motions of Honesty,oil
900x1500,Smoke of Brilliance,graffiti
1500x2100,Motions of Honesty,oil
3300x4200,Couple,oil
2550x3300,Protest of Childhood,acrylic
2550x3300,Chaos,oil
2550x3300,Depression of Psychology,panorama
3300x4800,Desires of Pride,panorama
2400x3000,Courteous Liberty,oil
900x1500,Storm,acrylic
2400x2400,Loyalty of Delight,graffiti
2400x2400,Influence,panorama
900x1500,Consequence of Parenthood,graffiti
3300x4200,Conversations of Opportunity,oil
1200x1800,Might of Passion,graffiti
3300x4800,Permission of Misery,acrylic
2400x2400,Attractive Audience,acrylic
900x1500,Tranquil Jewel,oil
2550x3300,Change of Parenthood,graffiti
2700x4800,Curiosity of Imagination,oil
2700x4800,Conversations of Opportunity,graffiti
900x1500,Crash of Patriotism,acrylic
3300x4200,False Courage,panorama
2400x3000,Dictator,oil
900x1500,Turbulent Honesty,acrylic
3300x4200,Miracles of Love,graffiti
3300x4800,Permission of Misery,oil
2550x3300,Punishment,oil
1500x2100,False Courage,oil
1200x1800,Business,graffiti
900x1500,Veiled Friendship,graffiti
2550x3300,Aftermath,panorama
3300x4200,Forsaken Sanity,oil
3300x4200,Spring of Mystery,graffiti
1200x1800,Depressions of Misery,panorama
2550x3300,Liberty,oil
2700x4800,Surprise of Culture,oil
2550x3300,Scandalous Dimension,oil
2550x3300,Display,acrylic
2400x3000,Infernal Assistant,panorama
2400x3000,Lonely Cobweb,oil
3300x4800,Miracles of Blood,oil
2400x2400,Fall,panorama
2550x3300,Price,oil
2550x3300,Price,panorama
1200x1800,Smoke of Bravery,oil
1500x2100,Fall,acrylic
2550x3300,Turbulent Honesty,acrylic
2700x4800,Change of Parenthood,graffiti
2700x4800,Paltry Demand,panorama
2700x4800,Invincible Anger,graffiti
2550x3300,Action,acrylic
1500x2100,Miracles of Blood,acrylic
2400x2400,Honesty of Culture,graffiti
1500x2100,Infernal Assistant,graffiti
3300x4200,Miracles of Blood,acrylic
3300x4200,Permission of Misery,panorama
900x1500,Grieving Bother,acrylic
3300x4800,Collar of Uncertainty,acrylic
2400x3000,Dictator,oil
2400x2400,Fall,oil
1500x2100,Enhancement of Significance,panorama
2400x3000,Contracts of Balance,acrylic
900x1500,Infernal Assistant,graffiti
900x1500,Crash of Patriotism,acrylic
2550x3300,Divide of Death,graffiti