photo_dimension,name,camera_model
1500x2100,Dictator,Canon EOS M6
2550x3300,Courage of Nobody,Nikon Z 50
2700x4800,Fanatical Dust,Fujifilm X100V
1500x2100,Wild,EOS 250D
2700x4800,Priority of Life,Nikon Z 50
2400x3000,Display,EOS 550D
2400x3000,Action,Canon EOS M6
2550x3300,Goal,EOS 550D
2550x3300,Belief of Courage,Nikon Z 50
3300x4800,Accidents of Employment,Fujifilm X100V
3300x4800,Dictator,Fujifilm X100V
1500x2100,Amusing Contract,Nikon Z 50
3300x4200,Ruthless Country,EOS 550D
3300x4800,Veiled Friendship,EOS 250D
1500x2100,Active Confidence,EOS 250D
2400x3000,Romance,EOS 550D
2400x3000,Invincible Anger,Nikon Z 50
2700x4800,Flowers of Dreams,EOS 250D
900x1500,Courteous Liberty,EOS 550D
2700x4800,Storm,Fujifilm X100V
1500x2100,Protest of Childhood,Fujifilm X100V
2400x3000,Influence,Fujifilm X100V
900x1500,Tranquil Jewel,Fujifilm X100V
2400x3000,Grieving Bother,Canon EOS M6
3300x4800,Fall of Anxiety,Nikon Z 50
2400x2400,Wild,Nikon Z 50
1500x2100,Price,EOS 250D
1500x2100,Depression of Psychology,EOS 250D
3300x4200,Voiceless Autumn,Nikon Z 50
3300x4800,Champions of Confusion,Nikon Z 50
2400x2400,Awoken Divide,Fujifilm X100V
3300x4800,Might of Passion,Nikon Z 50
2700x4800,Shame,Nikon Z 50
900x1500,Infernal Assistant,Fujifilm X100V
1200x1800,Defeat of Storms,EOS 550D
2400x2400,Paltry Demand,EOS 250D
900x1500,Goal,Nikon Z 50
2400x3000,Gracious Traditions,Canon EOS M6
3300x4200,Mistakes of Love,Fujifilm X100V
900x1500,Eminent Feast,EOS 550D
2400x2400,Paltry Demand,EOS 250D
3300x4200,Depressions of Misery,Canon EOS M6
1500x2100,Sign of Curiosity,EOS 250D
1200x1800,Amusing Contract,Canon EOS M6
3300x4200,Paltry Demand,Nikon Z 50
900x1500,Perspective of Frailty,Nikon Z 50
1500x2100,Invincible Anger,EOS 550D
1500x2100,Display,Nikon Z 50
1200x1800,Ancient Spoils,Fujifilm X100V
3300x4800,Impact of Solitude,Fujifilm X100V
900x1500,Edge of Change,Fujifilm X100V
900x1500,Awoken Divide,EOS 550D
2550x3300,Voiceless Autumn,Fujifilm X100V
2700x4800,Invincible Anger,EOS 250D
900x1500,Accidents of Employment,Fujifilm X100V
900x1500,Jealous Future,EOS 250D
1500x2100,Miracles of Blood,EOS 550D
3300x4200,Smoke of Bravery,Fujifilm X100V
3300x4200,Jealous Future,EOS 250D
3300x4800,Champions of Confusion,Nikon Z 50
1200x1800,City of Emotion,EOS 550D
1500x2100,Voiceless Autumn,Fujifilm X100V
2550x3300,Repulsive Entrance,EOS 250D
2400x2400,Forsaken Sanity,Canon EOS M6
900x1500,Amusing Contract,Nikon Z 50
2400x2400,Amusing Contract,Nikon Z 50
2700x4800,Motions of Honesty,EOS 550D
2400x2400,Business,Canon EOS M6
2700x4800,Turbulent Honesty,Canon EOS M6
900x1500,Curiosity of Imagination,Fujifilm X100V
1200x1800,Afterthoughts of Pride,Nikon Z 50
1500x2100,Defeat of Storms,Fujifilm X100V
2700x4800,Eminent Feast,Canon EOS M6
1200x1800,Accidents of Employment,EOS 550D
2550x3300,Amusing Contract,Canon EOS M6
1500x2100,Confidence of Culture,EOS 250D
1200x1800,Possessions of Crime,EOS 250D
2700x4800,Turbulent Honesty,EOS 250D
2400x2400,Afterthoughts of Pride,Fujifilm X100V
3300x4800,Conversations of Opportunity,EOS 250D
1500x2100,Possessions of Crime,EOS 250D
1200x1800,Might of Passion,EOS 550D
2400x2400,Protest of Childhood,EOS 250D
2550x3300,Courage,Fujifilm X100V
2550x3300,Enchanting Blame,Canon EOS M6
900x1500,Surprise of Education,Canon EOS M6
1200x1800,Action,EOS 250D
3300x4200,Active Confidence,EOS 550D
2700x4800,Crash of Patriotism,EOS 250D
2400x2400,Depression of Psychology,Canon EOS M6
2400x3000,Voiceless Autumn,EOS 250D
1500x2100,Change of Parenthood,EOS 250D
2550x3300,Aftermath,EOS 550D
2700x4800,Storm,Canon EOS M6
2400x2400,Fragile Spring,EOS 550D
2700x4800,Curiosity of Imagination,Fujifilm X100V
1500x2100,Consequence of Parenthood,Fujifilm X100V
3300x4800,Dictator,Fujifilm X100V
2700x4800,Pride of Education,Nikon Z 50
3300x4200,City of Emotion,EOS 550D
3300x4800,Consequence of Parenthood,Nikon Z 50
900x1500,Change of Parenthood,Nikon Z 50
1500x2100,Pride of Education,Nikon Z 50
1500x2100,Protest of Childhood,EOS 550D
2400x2400,Grieving Bother,EOS 250D
1500x2100,Eminent Feast,EOS 250D
3300x4800,Smoke of Bravery,EOS 550D
2400x2400,Desires of Pride,Canon EOS M6
2700x4800,Tawdry Honor,EOS 550D
2700x4800,Crash of Patriotism,Nikon Z 50
2700x4800,Jealous Future,Canon EOS M6
2550x3300,Problems of Reality,EOS 250D
2550x3300,Mistakes of Love,Fujifilm X100V
3300x4800,Attractive Audience,Fujifilm X100V
3300x4200,Surprise of Education,Canon EOS M6
3300x4200,Invincible Anger,Canon EOS M6
2700x4800,Invincible Anger,Fujifilm X100V
900x1500,Aftermath,Canon EOS M6
3300x4200,Business,Nikon Z 50
3300x4200,Wounds of Abuse,Canon EOS M6
2400x3000,Problems of Reality,EOS 550D
2400x2400,Depression of Psychology,Fujifilm X100V
2400x3000,Appearance,EOS 550D
900x1500,Goal,Nikon Z 50
2550x3300,Price,Canon EOS M6
1200x1800,Smoke of Bravery,EOS 550D
2550x3300,Consequence of Parenthood,EOS 550D
1200x1800,Wound,Canon EOS M6
2550x3300,Enchanting Blame,Nikon Z 50
2400x2400,Unfortunate Fall,Nikon Z 50
2700x4800,Infernal Assistant,Canon EOS M6
900x1500,Onerous Flower,Canon EOS M6
3300x4200,Accidents of Employment,Fujifilm X100V
1200x1800,Smoke of Bravery,Nikon Z 50
1500x2100,Scandalous Dimension,EOS 550D
3300x4800,Environment,Fujifilm X100V
1500x2100,Gracious Traditions,EOS 550D
3300x4800,Motions of Honesty,EOS 550D
2700x4800,Fanatical Dust,EOS 250D
3300x4200,Clerk,Fujifilm X100V
2400x2400,Clerk,Fujifilm X100V
3300x4200,Impact of Solitude,Canon EOS M6
2400x3000,Belief of Courage,EOS 250D
900x1500,Shallow Boyfriend,EOS 550D
2550x3300,Redemption of Sensitivity,Nikon Z 50
3300x4800,Infernal Assistant,Canon EOS M6
900x1500,Turbulent Honesty,Nikon Z 50
2550x3300,Jealous Future,EOS 550D
2400x3000,Delight of Blood,EOS 550D
2400x2400,Surprise of Education,Fujifilm X100V
900x1500,Redemption of Sensitivity,Nikon Z 50
2400x3000,Shallow Boyfriend,Fujifilm X100V
3300x4800,Possessions,Canon EOS M6
2400x3000,Amusing Contract,Canon EOS M6
3300x4800,Scandalous Dimension,Fujifilm X100V
1200x1800,Veiled Friendship,Nikon Z 50
2400x3000,Honesty of Culture,Nikon Z 50
3300x4800,Unfortunate Fall,EOS 250D
2400x3000,Ancient Spoils,Canon EOS M6
900x1500,Wound,Canon EOS M6
3300x4200,Contracts of Balance,Canon EOS M6
3300x4800,Grieving Bother,Fujifilm X100V
2400x3000,Change of Parenthood,EOS 250D
2400x2400,Spring of Mystery,Fujifilm X100V
2400x3000,Price,EOS 550D
1200x1800,Consequence of Parenthood,EOS 550D
1200x1800,Onerous Flower,Nikon Z 50
2550x3300,Influence,EOS 250D
2550x3300,Amusing Contract,EOS 550D
3300x4800,Tawdry Honor,Nikon Z 50
900x1500,Contracts of Balance,EOS 550D
1500x2100,Chains of Jealousy,Canon EOS M6
2700x4800,False Courage,EOS 550D
3300x4800,Tawdry Honor,EOS 250D
2550x3300,Redemption of Sensitivity,Fujifilm X100V
3300x4200,Aftermath,Nikon Z 50
900x1500,Miracles of Blood,EOS 550D
2700x4800,Depression of Psychology,Canon EOS M6
1200x1800,Flowers of Dreams,EOS 550D
1500x2100,Couple,EOS 250D
3300x4200,Surprise of Education,Canon EOS M6
2700x4800,Crash of Patriotism,Nikon Z 50
3300x4800,Turbulent Honesty,Fujifilm X100V
2400x2400,Basis,EOS 250D
1500x2100,Chaos,Nikon Z 50
900x1500,Price,Nikon Z 50
3300x4800,Aftermath,EOS 550D
3300x4200,Miracles of Blood,EOS 250D
2700x4800,Ancient Spoils,EOS 550D
2550x3300,Ruthless Country,EOS 250D
1500x2100,Priority,Nikon Z 50
2400x3000,Change of Parenthood,EOS 250D
1200x1800,Amusing Contract,EOS 550D
3300x4200,Display,Nikon Z 50
2400x2400,Protest of Childhood,Nikon Z 50
1200x1800,Defeat of Storms,EOS 550D
1500x2100,Dictator,EOS 550D
3300x4200,Dictator,Canon EOS M6
900x1500,Romance,EOS 550D
900x1500,Unfortunate Fall,Nikon Z 50
2400x2400,Servant of Opportunity,EOS 250D
3300x4200,Amusing Contract,Fujifilm X100V
1200x1800,Influence,Nikon Z 50
2400x2400,Repulsive Entrance,Canon EOS M6
2700x4800,Environment,Fujifilm X100V
2700x4800,City of Emotion,Canon EOS M6
2700x4800,Pride of Education,Canon EOS M6
1200x1800,Servant,EOS 550D
3300x4200,Champions of Confusion,Nikon Z 50
2700x4800,Goal of Dreams,EOS 550D
2400x2400,Miracles of Blood,Nikon Z 50
1200x1800,False Courage,EOS 550D
2400x2400,Contracts of Balance,Canon EOS M6
2400x2400,Miracles of Love,Nikon Z 50
1200x1800,Independence,Canon EOS M6
3300x4800,Protest of Childhood,EOS 250D
2700x4800,Infernal Assistant,Nikon Z 50
3300x4200,Onerous Flower,EOS 250D
3300x4200,Impact of Solitude,Fujifilm X100V
2700x4800,Active Confidence,Canon EOS M6
2700x4800,Miracles of Blood,EOS 250D
900x1500,Servant of Opportunity,Fujifilm X100V
3300x4200,Forsaken Sanity,EOS 250D
2550x3300,Wound,EOS 550D
2400x2400,Wounds of Abuse,Canon EOS M6
1200x1800,Shameless Charity,Fujifilm X100V
2700x4800,Fall of Anxiety,Fujifilm X100V
2700x4800,Gracious Traditions,Fujifilm X100V
1200x1800,Flowers of Dreams,Canon EOS M6
2400x2400,Sign of Curiosity,EOS 250D
3300x4200,Repulsive Entrance,EOS 550D
3300x4800,Might of Passion,Fujifilm X100V
2400x2400,Champions of Confusion,EOS 550D
3300x4200,Defeat of Storms,Fujifilm X100V
2400x3000,Fall of Anxiety,Fujifilm X100V
1500x2100,Consequence of Parenthood,Canon EOS M6
2400x2400,Collar of Uncertainty,Fujifilm X100V
2400x3000,Smoke of Brilliance,EOS 550D
1500x2100,Couple,EOS 250D
2400x2400,Miracles of Blood,Nikon Z 50
1200x1800,Accidents of Employment,Nikon Z 50
2550x3300,Motions of Honesty,EOS 550D
2550x3300,Perspective of Frailty,Canon EOS M6
1500x2100,Depression of Psychology,EOS 550D
1500x2100,Independence,EOS 550D
1500x2100,Change of Parenthood,EOS 250D
900x1500,Liberty,Nikon Z 50
1500x2100,Might of Passion,EOS 250D
3300x4200,Spring of Mystery,EOS 250D
1500x2100,Possessions of Crime,EOS 550D
2400x3000,Depression of Psychology,EOS 250D
2700x4800,Cover of Charity,Fujifilm X100V
2400x3000,Priority of Life,Nikon Z 50
3300x4200,Influence,EOS 250D
1500x2100,Curiosity of Imagination,Canon EOS M6
1200x1800,Change of Parenthood,Fujifilm X100V
2400x3000,Lonely Cobweb,Canon EOS M6
2400x2400,Champions of Confusion,Canon EOS M6
2550x3300,Veiled Friendship,EOS 550D
3300x4800,Appearance,EOS 250D
2700x4800,Motions of Honesty,Nikon Z 50
2400x2400,Confidence of Culture,EOS 250D
1500x2100,Incident of Finance,EOS 250D
900x1500,Flowers of Dreams,Fujifilm X100V
2400x2400,Awoken Divide,EOS 250D
2400x2400,Eminent Feast,Nikon Z 50
3300x4800,Accidents of Employment,EOS 250D
900x1500,Permission of Misery,Fujifilm X100V
2400x3000,Surprise of Education,Canon EOS M6
2400x3000,Environment,Nikon Z 50
2550x3300,Impact of Solitude,Canon EOS M6
3300x4200,Desires of Pride,EOS 250D
2700x4800,Dictator,EOS 250D
3300x4200,Courteous Liberty,Canon EOS M6
2700x4800,Edge of Change,EOS 550D
2400x3000,Defeat of Storms,Canon EOS M6
3300x4800,Appearance,EOS 250D
3300x4200,Lonely Cobweb,EOS 250D
1200x1800,Wild,Nikon Z 50
3300x4200,Confidence of Culture,Nikon Z 50
1500x2100,Lonely Cobweb,EOS 550D
1500x2100,Motions of Honesty,Canon EOS M6
900x1500,Appearance,Canon EOS M6
1200x1800,Veiled Friendship,EOS 550D
900x1500,Chains of Jealousy,EOS 250D
2550x3300,Conversations of Opportunity,Fujifilm X100V
1500x2100,Honesty of Culture,Fujifilm X100V
2700x4800,Courage,Canon EOS M6
2550x3300,Liberty,Nikon Z 50
3300x4800,Shameless Charity,Nikon Z 50
2550x3300,Basis,Fujifilm X100V
2700x4800,Collar of Uncertainty,EOS 250D
2700x4800,Eminent Feast,Canon EOS M6
3300x4800,Pride of Purpose,EOS 550D
2400x2400,Defeat of Storms,Canon EOS M6
2400x3000,Amusing Contract,Fujifilm X100V
900x1500,Repulsive Entrance,Nikon Z 50
3300x4800,Delight of Blood,Fujifilm X100V
3300x4800,Perspective of Frailty,EOS 550D
2700x4800,Action,EOS 250D
2400x2400,Afterthoughts of Pride,Nikon Z 50
3300x4200,Miracles of Love,Nikon Z 50
3300x4200,Perspective of Frailty,Canon EOS M6
2700x4800,Jealous Future,EOS 250D
2700x4800,Liberty,Fujifilm X100V
3300x4800,Surprise of Education,Nikon Z 50
1200x1800,Fragile Spring,Fujifilm X100V
1500x2100,Submission,Fujifilm X100V
1200x1800,Invincible Anger,Canon EOS M6
2400x2400,Smoke of Brilliance,Fujifilm X100V
1500x2100,Veiled Friendship,EOS 550D
900x1500,Shame,Canon EOS M6
2550x3300,Ancient Spoils,Fujifilm X100V
3300x4200,Miracles of Blood,EOS 550D
1500x2100,Wound,Canon EOS M6
2400x2400,Submission,EOS 550D
2400x2400,Voiceless Autumn,EOS 550D
900x1500,Punishment,Nikon Z 50
2400x3000,Repulsive Division,EOS 550D
3300x4200,Jealous Future,EOS 550D
1200x1800,Redemption of Sensitivity,EOS 550D
2400x2400,Fragile Spring,Canon EOS M6
2550x3300,Worthless Confidence,Nikon Z 50
2400x2400,Enchanting Blame,Nikon Z 50
2400x2400,Protest of Childhood,Canon EOS M6
2550x3300,Wild,Fujifilm X100V
1200x1800,Perspective of Frailty,Canon EOS M6
2400x3000,Scandalous Dimension,Canon EOS M6
3300x4200,Miracles of Blood,EOS 550D
2700x4800,Worthless Confidence,Fujifilm X100V
3300x4200,Veiled Friendship,Nikon Z 50
3300x4800,Influence,Canon EOS M6
1200x1800,Fall,EOS 550D
1500x2100,Perspective of Frailty,Canon EOS M6
1500x2100,Edge of Change,EOS 250D
3300x4200,Honesty of Culture,Canon EOS M6
1200x1800,Perspective of Frailty,EOS 550D
1200x1800,Unfortunate Fall,Nikon Z 50
2400x2400,Turbulent Honesty,EOS 250D
3300x4200,Spring of Mystery,Canon EOS M6
2700x4800,Scandalous Dimension,EOS 550D
2700x4800,Miracles of Love,Canon EOS M6
900x1500,Fall,Canon EOS M6
3300x4800,Voiceless Autumn,EOS 250D
3300x4800,Champions of Confusion,Fujifilm X100V
2400x2400,Voiceless Autumn,Fujifilm X100V
1200x1800,Flowers of Dreams,EOS 250D
2550x3300,Problems of Reality,Nikon Z 50
2550x3300,Unfortunate Fall,EOS 550D
2700x4800,Consequence of Parenthood,EOS 250D
3300x4200,Submission,Canon EOS M6
2700x4800,Fragile Spring,Canon EOS M6
3300x4200,Couple,EOS 550D
2400x3000,False Courage,Canon EOS M6
3300x4200,Fall,EOS 550D
2400x3000,Fanatical Dust,Nikon Z 50
3300x4200,Belief of Courage,Nikon Z 50
2550x3300,Pride of Purpose,Canon EOS M6
2550x3300,Permission of Misery,Nikon Z 50
1200x1800,Awoken Divide,EOS 550D
2700x4800,Display,EOS 550D
1500x2100,Goal,EOS 550D
2550x3300,Romance,EOS 250D
900x1500,Independence,Canon EOS M6
2400x2400,Veiled Friendship,EOS 550D
2550x3300,Motions of Honesty,Fujifilm X100V
3300x4200,Change of Parenthood,Fujifilm X100V
1200x1800,Liberty,EOS 250D
3300x4200,Priority,Nikon Z 50
3300x4800,Punishment,EOS 250D
3300x4800,Jealous Future,Fujifilm X100V
3300x4200,Protest of Childhood,EOS 550D
900x1500,Change of Parenthood,EOS 550D
3300x4800,Display,Fujifilm X100V
1200x1800,Appearance,Nikon Z 50
3300x4200,Contracts of Balance,Canon EOS M6
3300x4200,Infernal Assistant,Canon EOS M6
2400x2400,Sign of Curiosity,EOS 550D
1200x1800,Goal,Fujifilm X100V
3300x4800,Jealous Future,Fujifilm X100V
2700x4800,Delight of Blood,EOS 250D
2700x4800,Fragile Spring,EOS 550D
2700x4800,Champions of Confusion,EOS 550D
2400x3000,Consequence of Parenthood,EOS 550D
2550x3300,Onerous Flower,Nikon Z 50
1200x1800,Redemption of Sensitivity,Canon EOS M6
2550x3300,Change of Parenthood,Nikon Z 50
3300x4200,Eminent Feast,EOS 550D
3300x4800,Consequence of Parenthood,Canon EOS M6
3300x4200,Champions of Confusion,Nikon Z 50
1200x1800,Scandalous Dimension,Fujifilm X100V
2700x4800,Amusing Contract,Nikon Z 50
2700x4800,City of Emotion,Canon EOS M6
2400x3000,Goal of Dreams,Nikon Z 50
1200x1800,Spring of Mystery,EOS 250D
3300x4200,Wound,EOS 250D
900x1500,Fall,Fujifilm X100V
2550x3300,Submission,EOS 550D
900x1500,Shameless Charity,Nikon Z 50
3300x4800,Jealous Future,Nikon Z 50
900x1500,Depressions of Misery,Nikon Z 50
2550x3300,Attractive Audience,Nikon Z 50
2400x2400,Repulsive Entrance,EOS 250D
2700x4800,Courage,EOS 550D
900x1500,City of Emotion,EOS 250D
1500x2100,False Courage,EOS 550D
2400x2400,Paltry Demand,EOS 250D
1200x1800,Ancient Spoils,Nikon Z 50
2700x4800,Possessions of Crime,Fujifilm X100V
3300x4800,Romance,Fujifilm X100V
1200x1800,Unfortunate Fall,EOS 550D
2400x2400,Miracles of Love,Canon EOS M6
2400x3000,Change of Parenthood,Fujifilm X100V
2400x3000,Redemption of Sensitivity,EOS 250D
900x1500,Consequence of Parenthood,Canon EOS M6
2400x3000,Problems of Reality,Fujifilm X100V
2400x3000,Scandalous Dimension,EOS 550D
1500x2100,Tawdry Curiosity,EOS 250D
2400x2400,Possessions of Crime,Canon EOS M6
900x1500,Pride of Education,Fujifilm X100V
2400x2400,Chains of Jealousy,EOS 250D
2550x3300,Accidents of Employment,Canon EOS M6
900x1500,Impact of Solitude,EOS 550D
3300x4200,Unfortunate Fall,Nikon Z 50
3300x4800,Jealous Future,Nikon Z 50
3300x4800,Tawdry Curiosity,EOS 550D
900x1500,Cover of Charity,Canon EOS M6
900x1500,Possessions,Fujifilm X100V
3300x4200,Grieving Bother,Canon EOS M6
2550x3300,Goal of Dreams,EOS 250D
3300x4800,Couple,EOS 550D
2700x4800,Awoken Divide,Fujifilm X100V
3300x4800,Unfortunate Fall,Nikon Z 50
3300x4200,Shallow Boyfriend,Canon EOS M6
2400x3000,Active Confidence,Fujifilm X100V
1500x2100,Smoke of Bravery,Canon EOS M6
3300x4200,Voiceless Autumn,EOS 250D
3300x4200,Basis,Nikon Z 50
2700x4800,Dictator,Nikon Z 50
900x1500,Invincible Anger,Nikon Z 50
2400x3000,Miracles of Love,Canon EOS M6
2700x4800,Independence,EOS 550D
1500x2100,Enchanting Blame,Nikon Z 50
2700x4800,Democracy,EOS 550D
1200x1800,Jealous Future,Fujifilm X100V
2700x4800,Dictator,Nikon Z 50
900x1500,Courteous Liberty,Canon EOS M6
1200x1800,Perspective of Frailty,Nikon Z 50
900x1500,Shame,Canon EOS M6
1200x1800,Aftermath,EOS 250D
2400x2400,Broken Cover,Canon EOS M6
2400x2400,Protest of Childhood,EOS 250D
2400x2400,Paltry Demand,EOS 250D
2400x2400,Action,EOS 550D
3300x4200,Enchanting Blame,Nikon Z 50
2400x3000,Priority,EOS 550D
1500x2100,Romance,Nikon Z 50
1500x2100,Confidence of Culture,Canon EOS M6
3300x4200,Awoken Divide,Canon EOS M6
3300x4800,Courage,Canon EOS M6
2400x3000,Curiosity of Imagination,Fujifilm X100V
3300x4200,Loyalty of Delight,EOS 550D
3300x4200,Gracious Traditions,Nikon Z 50
2400x2400,Mistakes of Love,Nikon Z 50
1200x1800,Courteous Liberty,EOS 550D
3300x4800,Shallow Boyfriend,Nikon Z 50
2400x2400,Voiceless Autumn,EOS 250D
2400x3000,Change of Parenthood,EOS 550D
2700x4800,Servant,EOS 250D
3300x4200,Delight of Blood,Nikon Z 50
900x1500,Goal,Fujifilm X100V
900x1500,Problems of Reality,Nikon Z 50
3300x4800,False Courage,EOS 550D
3300x4200,Motions of Honesty,Canon EOS M6
900x1500,Amusing Contract,Canon EOS M6
2400x3000,Environment,EOS 550D
3300x4800,Chaos,Nikon Z 50
3300x4800,Display,EOS 550D
2550x3300,Incident of Finance,Fujifilm X100V
2400x2400,Protest of Childhood,EOS 550D
900x1500,Confidence of Culture,EOS 250D
2700x4800,Romance,Canon EOS M6
2400x3000,Appearance,Fujifilm X100V
2550x3300,Romance,Canon EOS M6
2400x3000,Change of Parenthood,EOS 550D
3300x4800,Fall of Anxiety,EOS 250D
1200x1800,Pride of Education,EOS 550D
2400x3000,False Courage,Nikon Z 50
2700x4800,Doll of Darkness,Nikon Z 50
1500x2100,Miracles of Blood,EOS 550D
1500x2100,Smoke of Brilliance,Canon EOS M6
900x1500,Fanatical Dust,EOS 550D
2400x3000,Fanatical Dust,EOS 250D
2700x4800,Servant of Opportunity,Canon EOS M6
900x1500,Permission of Misery,Canon EOS M6
2400x2400,Wild,EOS 550D
2400x3000,Amusing Contract,EOS 250D
1200x1800,Repulsive Entrance,EOS 250D
2700x4800,Worthless Confidence,EOS 550D
2700x4800,Storm,Fujifilm X100V
2400x3000,Belief of Courage,EOS 550D
3300x4200,Jealous Future,EOS 250D
3300x4200,Contracts of Balance,EOS 250D
2550x3300,Active Confidence,Nikon Z 50
1200x1800,Amusing Contract,Fujifilm X100V
3300x4800,Basis,Nikon Z 50
2400x2400,Liberty,Nikon Z 50
900x1500,Miracles of Blood,Canon EOS M6
3300x4800,Incident of Finance,Fujifilm X100V
2550x3300,Amusing Contract,EOS 250D
900x1500,Contracts of Balance,EOS 250D
3300x4800,Business,EOS 550D
1200x1800,Fall,EOS 250D
3300x4200,False Courage,Fujifilm X100V
2550x3300,Aftermath,EOS 550D
3300x4200,Awoken Divide,EOS 250D
1200x1800,Tawdry Honor,Canon EOS M6
2400x2400,Might of Passion,EOS 250D
2400x2400,Fragile Spring,Nikon Z 50
1200x1800,Business,EOS 550D
2700x4800,Display,Canon EOS M6
3300x4200,Cover of Charity,Nikon Z 50
3300x4200,Dictator,Fujifilm X100V
2400x2400,Surprise of Education,Canon EOS M6
2700x4800,Surprise of Education,Nikon Z 50
2700x4800,Dictator,Nikon Z 50
1200x1800,Tranquil Jewel,EOS 250D
3300x4800,Onerous Flower,Nikon Z 50
2400x2400,Awoken Divide,Nikon Z 50
2550x3300,Curiosity of Imagination,EOS 550D
2400x3000,Repulsive Division,EOS 250D
3300x4200,Awoken Divide,Nikon Z 50
2700x4800,Enhancement of Significance,Fujifilm X100V
2400x2400,Permission of Misery,EOS 250D
3300x4800,Tranquil Jewel,EOS 250D
2400x2400,Repulsive Division,EOS 250D
2400x2400,Price,Canon EOS M6
1200x1800,Jealous Future,EOS 250D
1500x2100,Veiled Friendship,Nikon Z 50
1200x1800,Display,Nikon Z 50
1200x1800,Courteous Liberty,Nikon Z 50
1500x2100,Perspective of Frailty,Canon EOS M6
3300x4800,Impact of Solitude,Fujifilm X100V
2550x3300,Depression of Psychology,Nikon Z 50
900x1500,Mistakes of Love,Nikon Z 50
1500x2100,Courage,Nikon Z 50
2400x2400,Confidence of Culture,Nikon Z 50
2400x2400,Priority of Life,Nikon Z 50
2700x4800,Afterthoughts of Pride,EOS 550D
2400x2400,Active Confidence,EOS 550D
2400x3000,Problems of Reality,EOS 550D
2400x2400,Turbulent Honesty,Fujifilm X100V
2400x2400,Worthless Confidence,EOS 550D
900x1500,Ruthless Country,Nikon Z 50
2550x3300,Chains of Jealousy,Canon EOS M6
2550x3300,Repulsive Entrance,Canon EOS M6
2700x4800,Tawdry Curiosity,Fujifilm X100V
1500x2100,Amusing Contract,Canon EOS M6
1500x2100,Sign of Curiosity,Fujifilm X100V
2400x3000,Contracts of Balance,EOS 550D
900x1500,City of Emotion,EOS 250D
2700x4800,Miracles of Love,Canon EOS M6
900x1500,Onerous Flower,Fujifilm X100V
3300x4200,Desires of Pride,EOS 550D
1200x1800,Amusing Contract,Nikon Z 50
900x1500,Incident of Finance,Nikon Z 50
3300x4200,Crash of Patriotism,Canon EOS M6
900x1500,Price,Fujifilm X100V
2400x3000,Jealous Future,Nikon Z 50
1200x1800,Paltry Demand,EOS 550D
1500x2100,City of Emotion,Nikon Z 50
3300x4800,Influence,Canon EOS M6
2700x4800,Punishment,Canon EOS M6
2400x3000,Shameless Charity,EOS 550D
3300x4200,Tawdry Curiosity,EOS 550D
3300x4200,Fall of Anxiety,Canon EOS M6
2700x4800,Honesty of Culture,Fujifilm X100V
2550x3300,Smoke of Bravery,EOS 250D
3300x4200,Courage,EOS 250D
3300x4200,Pride of Education,Nikon Z 50
3300x4800,Spring of Mystery,Fujifilm X100V
2400x2400,Chaos,EOS 250D
1500x2100,Repulsive Entrance,Nikon Z 50
1500x2100,Tawdry Honor,Nikon Z 50
2550x3300,Shallow Boyfriend,Fujifilm X100V
2400x2400,Turbulent Honesty,Fujifilm X100V
900x1500,Surprise of Education,EOS 550D
900x1500,Fall,Fujifilm X100V
2700x4800,Clerk,EOS 550D
2400x3000,Awoken Divide,Fujifilm X100V
2400x2400,Possessions of Crime,EOS 550D
3300x4200,Shame,Nikon Z 50
3300x4800,Paltry Demand,EOS 550D
900x1500,Turbulent Honesty,Fujifilm X100V
1500x2100,Price,EOS 550D
2550x3300,Servant,Fujifilm X100V
3300x4800,Protest of Childhood,Nikon Z 50
2550x3300,Basis,EOS 250D
2400x2400,Incident of Finance,Canon EOS M6
900x1500,Chains of Jealousy,EOS 550D
1200x1800,Accidents of Employment,Fujifilm X100V
2700x4800,Amusing Contract,EOS 250D
2400x2400,Amusing Contract,Fujifilm X100V
2400x3000,Repulsive Division,Fujifilm X100V
2550x3300,Surprise of Culture,Canon EOS M6
2400x3000,Flowers of Dreams,Nikon Z 50
2700x4800,Infernal Assistant,Fujifilm X100V
1200x1800,Tawdry Honor,Fujifilm X100V
900x1500,Forsaken Sanity,EOS 250D
1500x2100,Redemption of Sensitivity,Nikon Z 50
2400x2400,Veiled Friendship,Canon EOS M6
3300x4800,Champions of Confusion,Fujifilm X100V
1500x2100,Scandalous Dimension,Canon EOS M6
3300x4800,Amusing Contract,EOS 550D
2700x4800,Possessions,Fujifilm X100V
3300x4800,Democracy,EOS 550D
900x1500,Problems of Reality,EOS 250D
1200x1800,Display,Fujifilm X100V
3300x4800,Edge of Change,Canon EOS M6
2550x3300,Perspective of Frailty,Nikon Z 50
2400x2400,Courage of Nobody,EOS 250D
2700x4800,Surprise of Education,Nikon Z 50
2400x3000,Pride of Education,Nikon Z 50
1500x2100,Eminent Feast,EOS 550D
3300x4200,Broken Cover,EOS 550D
3300x4800,Environment,EOS 250D
2550x3300,Crash of Patriotism,Canon EOS M6
2550x3300,Attractive Audience,Fujifilm X100V
3300x4200,Aftermath,Nikon Z 50
1500x2100,Jealous Future,Fujifilm X100V
3300x4200,Destruction of Blood,EOS 250D
2400x2400,Wound,Fujifilm X100V
2400x2400,Democracy,Canon EOS M6
3300x4200,Permission of Misery,EOS 250D
2400x2400,Servant of Opportunity,Fujifilm X100V
900x1500,Punishment,EOS 550D
1200x1800,Protest of Childhood,EOS 250D
2400x2400,Amusing Contract,Fujifilm X100V
1500x2100,Delight of Blood,Fujifilm X100V
2550x3300,Gracious Traditions,EOS 550D
2400x2400,Independence,EOS 250D
1500x2100,Invincible Anger,EOS 550D
3300x4800,Lonely Cobweb,EOS 550D
2700x4800,Active Confidence,Fujifilm X100V
1200x1800,Awoken Divide,Fujifilm X100V
900x1500,Pride of Purpose,EOS 250D
1200x1800,Influence,EOS 550D
1500x2100,Couple,Canon EOS M6
3300x4800,Change of Parenthood,EOS 550D
900x1500,Depressions of Misery,Fujifilm X100V
900x1500,Influence,EOS 250D
2400x2400,Price,Canon EOS M6
2400x2400,Change of Parenthood,Canon EOS M6
900x1500,Priority,Fujifilm X100V
1500x2100,Goal,Nikon Z 50
3300x4800,Appearance,Canon EOS M6
2400x2400,Amusing Contract,EOS 550D
900x1500,Amusing Contract,Canon EOS M6
2550x3300,False Courage,EOS 250D
2400x3000,Possessions,Canon EOS M6
2700x4800,Eminent Feast,EOS 550D
2400x2400,Conversations of Opportunity,Canon EOS M6
2400x2400,Honesty of Culture,EOS 550D
900x1500,Destruction of Blood,EOS 250D
2400x3000,Miracles of Blood,Canon EOS M6
2700x4800,Scandalous Dimension,Fujifilm X100V
2400x2400,Smoke of Bravery,EOS 550D
2400x3000,Crash of Patriotism,Fujifilm X100V
1500x2100,Contracts of Balance,EOS 250D
3300x4800,City of Emotion,Canon EOS M6
2400x3000,Tawdry Honor,EOS 250D
1500x2100,Sign of Curiosity,EOS 550D
900x1500,Ruthless Country,Fujifilm X100V
1500x2100,Unfortunate Fall,EOS 250D
900x1500,Jealous Future,Nikon Z 50
900x1500,Infernal Assistant,Fujifilm X100V
2550x3300,Change of Parenthood,Nikon Z 50
1500x2100,Belief of Courage,EOS 250D
2550x3300,Jealous Future,Canon EOS M6
2400x2400,Change of Parenthood,Nikon Z 50
3300x4200,Veiled Friendship,Canon EOS M6
3300x4200,Influence,Nikon Z 50
2400x2400,Amusing Contract,EOS 250D
2700x4800,Perspective of Frailty,EOS 550D
2700x4800,Courage,EOS 250D
2700x4800,Display,EOS 250D
3300x4800,Dictator,EOS 550D
1200x1800,Democracy,Canon EOS M6
2400x2400,Tawdry Honor,Fujifilm X100V
2400x2400,Consequence of Parenthood,Fujifilm X100V
2700x4800,Surprise of Education,Fujifilm X100V
2550x3300,Possessions of Crime,Nikon Z 50
2700x4800,Lonely Cobweb,Nikon Z 50
1200x1800,Aftermath,EOS 250D
3300x4200,Cover of Charity,EOS 250D
1500x2100,Redemption of Sensitivity,EOS 550D
2550x3300,Shallow Boyfriend,EOS 550D
1200x1800,Surprise of Culture,EOS 250D
2400x3000,Display,Fujifilm X100V
2550x3300,Pride of Education,EOS 250D
2550x3300,Action,Canon EOS M6
2700x4800,Permission of Misery,Fujifilm X100V
1500x2100,Awoken Divide,Canon EOS M6
1200x1800,Awoken Divide,Nikon Z 50
1500x2100,Belief of Courage,Fujifilm X100V
2400x2400,Shameless Charity,Nikon Z 50
1200x1800,Eminent Feast,Fujifilm X100V
1500x2100,Divide of Death,EOS 250D
1500x2100,Action,Fujifilm X100V
3300x4200,Courteous Liberty,Fujifilm X100V
1200x1800,Voiceless Autumn,EOS 250D
3300x4800,Onerous Flower,EOS 550D
3300x4800,Edge of Change,EOS 550D
900x1500,Wounds of Abuse,EOS 550D
3300x4200,Eminent Feast,EOS 550D
3300x4800,Smoke of Bravery,Fujifilm X100V
3300x4200,Protest of Childhood,Canon EOS M6
1200x1800,Jealous Future,Nikon Z 50
3300x4200,Fall of Anxiety,EOS 550D
1500x2100,Perspective of Frailty,Canon EOS M6
2700x4800,Surprise of Education,EOS 250D
2400x3000,Doll of Darkness,EOS 250D
3300x4200,Smoke of Brilliance,EOS 550D
2400x2400,Independence,Fujifilm X100V
2400x2400,Curiosity of Imagination,Canon EOS M6
1200x1800,Loyalty of Delight,Nikon Z 50
2400x2400,Liberty,EOS 250D
1200x1800,Romance,Nikon Z 50
3300x4200,Courteous Liberty,EOS 250D
2550x3300,Liberty,Fujifilm X100V
2400x2400,Courage,EOS 550D
3300x4200,Amusing Contract,Fujifilm X100V
2700x4800,Curiosity of Imagination,Fujifilm X100V
1200x1800,Jealous Future,EOS 550D
1500x2100,Priority of Life,Fujifilm X100V
2400x2400,Spring of Mystery,EOS 550D
3300x4200,Flowers of Dreams,EOS 250D
1500x2100,Invincible Anger,Canon EOS M6
2400x3000,Desires of Pride,Nikon Z 50
2400x2400,Invincible Anger,Canon EOS M6
2700x4800,City of Emotion,Fujifilm X100V
900x1500,Repulsive Division,Fujifilm X100V
3300x4200,Spring of Mystery,EOS 250D
1500x2100,Problems of Reality,Fujifilm X100V
3300x4200,Active Confidence,EOS 250D
3300x4800,Enhancement of Significance,Nikon Z 50
3300x4200,Redemption of Sensitivity,EOS 550D
900x1500,Storm,Nikon Z 50
2400x3000,Loyalty of Delight,EOS 250D
2400x3000,Couple,Canon EOS M6
900x1500,Chaos,EOS 550D
1500x2100,Fragile Spring,EOS 250D
1200x1800,Servant,EOS 550D
2400x3000,Permission of Misery,EOS 550D
2550x3300,Servant,Canon EOS M6
2700x4800,Servant,EOS 550D
900x1500,Redemption of Sensitivity,Canon EOS M6
2700x4800,Shame,Canon EOS M6
2400x3000,False Courage,Fujifilm X100V
2400x2400,Belief of Courage,EOS 250D
1500x2100,Appearance,EOS 550D
900x1500,Perspective of Frailty,Fujifilm X100V
2700x4800,Destruction of Blood,Canon EOS M6
2550x3300,Jealous Future,EOS 550D
2700x4800,Curiosity of Imagination,EOS 250D
3300x4800,Change of Parenthood,Fujifilm X100V
900x1500,Goal,Nikon Z 50
1500x2100,Accidents of Employment,EOS 550D
1200x1800,Action,Canon EOS M6
900x1500,Smoke of Bravery,Canon EOS M6
1500x2100,Contracts of Balance,EOS 250D
900x1500,Price,Fujifilm X100V
1500x2100,Champions of Confusion,EOS 550D
900x1500,Pride of Education,Fujifilm X100V
2400x3000,Goal of Dreams,Canon EOS M6
900x1500,Unfortunate Fall,Fujifilm X100V
3300x4200,Chaos,Fujifilm X100V
2400x3000,Pride of Purpose,Fujifilm X100V
900x1500,Infernal Assistant,Canon EOS M6
900x1500,Fanatical Dust,EOS 550D
1500x2100,City of Emotion,EOS 250D
1200x1800,Conversations of Opportunity,EOS 250D
1500x2100,Smoke of Brilliance,Fujifilm X100V
1500x2100,Independence,EOS 250D
2550x3300,Display,EOS 250D
1500x2100,Wounds of Abuse,Fujifilm X100V
2400x3000,Motions of Honesty,Nikon Z 50
3300x4200,Flowers of Dreams,Canon EOS M6
900x1500,Paltry Demand,Nikon Z 50
900x1500,Confidence of Culture,Canon EOS M6
2400x2400,Amusing Contract,Nikon Z 50
1500x2100,Enhancement of Significance,Nikon Z 50
3300x4200,Amusing Contract,Canon EOS M6
2700x4800,Broken Cover,EOS 550D
2400x3000,Miracles of Blood,EOS 250D
900x1500,Crash of Patriotism,Fujifilm X100V
1500x2100,Infernal Assistant,EOS 550D
3300x4200,Grieving Bother,Fujifilm X100V
1500x2100,Delight of Blood,EOS 250D
900x1500,Problems of Reality,EOS 550D
900x1500,Tranquil Jewel,Canon EOS M6
1500x2100,Clerk,Nikon Z 50
2700x4800,Miracles of Love,Canon EOS M6
1200x1800,Defeat of Storms,EOS 550D
900x1500,Shame,Nikon Z 50
1500x2100,Permission of Misery,Nikon Z 50
2400x2400,Goal,Nikon Z 50
3300x4200,Permission of Misery,Fujifilm X100V
900x1500,Contracts of Balance,Fujifilm X100V
1200x1800,False Courage,EOS 550D
2700x4800,Loyalty of Delight,Fujifilm X100V
1200x1800,Perspective of Frailty,EOS 550D
2550x3300,Grieving Bother,Canon EOS M6
2550x3300,Consequence of Parenthood,Fujifilm X100V
2400x3000,Attractive Audience,Fujifilm X100V
1500x2100,Chaos,Fujifilm X100V
2700x4800,Surprise of Education,Fujifilm X100V
900x1500,Collar of Uncertainty,Nikon Z 50
3300x4200,Enhancement of Significance,EOS 550D
3300x4200,Courage,Nikon Z 50
2700x4800,Possessions,Canon EOS M6
2400x2400,Surprise of Education,EOS 550D
3300x4800,Goal of Dreams,EOS 250D
2400x2400,Desires of Pride,EOS 250D
2550x3300,Problems of Reality,EOS 550D
3300x4800,Priority of Life,Fujifilm X100V
2400x3000,Afterthoughts of Pride,EOS 250D
2400x3000,Contracts of Balance,Canon EOS M6
3300x4200,Doll of Darkness,EOS 550D
2400x3000,Infernal Assistant,Canon EOS M6
2400x2400,Liberty,Nikon Z 50
1200x1800,Display,Nikon Z 50
1500x2100,Unfortunate Fall,Canon EOS M6
3300x4800,Collar of Uncertainty,EOS 550D
900x1500,Motions of Honesty,Canon EOS M6
3300x4200,Paltry Demand,EOS 250D
2400x2400,Belief of Courage,Fujifilm X100V
2400x2400,Consequence of Parenthood,EOS 250D
2550x3300,Protest of Childhood,EOS 550D
900x1500,Chains of Jealousy,Canon EOS M6
2400x3000,Spring of Mystery,Fujifilm X100V
2550x3300,Chains of Jealousy,Canon EOS M6
900x1500,Priority of Life,EOS 250D
2550x3300,Cover of Charity,EOS 250D
900x1500,Pride of Purpose,Nikon Z 50
3300x4200,Courage of Nobody,Canon EOS M6
3300x4800,Consequence of Parenthood,EOS 550D
3300x4200,Onerous Flower,EOS 550D
2400x3000,Perspective of Frailty,Nikon Z 50
3300x4800,Infernal Assistant,Nikon Z 50
3300x4200,Voiceless Autumn,Fujifilm X100V
2700x4800,Veiled Friendship,Fujifilm X100V
3300x4200,Storm,Canon EOS M6
3300x4200,Goal,EOS 250D
900x1500,Storm,EOS 550D
2400x3000,Fall of Anxiety,EOS 550D
1500x2100,Change of Parenthood,Nikon Z 50
1500x2100,Curiosity of Imagination,Fujifilm X100V
2400x2400,Problems of Reality,Fujifilm X100V
2550x3300,Sign of Curiosity,Nikon Z 50
1500x2100,Possessions of Crime,EOS 250D
2400x2400,Lonely Cobweb,Nikon Z 50
3300x4800,Shallow Boyfriend,Fujifilm X100V
2400x3000,Contracts of Balance,EOS 250D
900x1500,City of Emotion,Nikon Z 50
3300x4800,Awoken Divide,Nikon Z 50
2400x3000,Goal of Dreams,EOS 550D
2700x4800,Appearance,Nikon Z 50
1200x1800,Protest of Childhood,Fujifilm X100V
2400x2400,Cover of Charity,Nikon Z 50
3300x4200,Pride of Education,Fujifilm X100V
900x1500,Accidents of Employment,Nikon Z 50
3300x4800,Wounds of Abuse,EOS 250D
2700x4800,Forsaken Sanity,Fujifilm X100V
2550x3300,Miracles of Love,Fujifilm X100V
2400x2400,Servant of Opportunity,Canon EOS M6
1500x2100,Crash of Patriotism,Fujifilm X100V
3300x4800,Afterthoughts of Pride,EOS 550D
2700x4800,Desires of Pride,Canon EOS M6
3300x4200,Collar of Uncertainty,Nikon Z 50
2400x3000,Courteous Liberty,EOS 250D
2700x4800,Wound,Canon EOS M6
2400x2400,Liberty,Nikon Z 50
2400x3000,Impact of Solitude,Nikon Z 50
3300x4200,Onerous Flower,EOS 250D
3300x4200,Smoke of Brilliance,Canon EOS M6
3300x4800,Turbulent Honesty,EOS 250D
2700x4800,Conversations of Opportunity,Nikon Z 50
900x1500,Couple,EOS 250D
1200x1800,Defeat of Storms,EOS 250D
3300x4800,Depression of Psychology,Canon EOS M6
3300x4800,Turbulent Honesty,Nikon Z 50
900x1500,Wounds of Abuse,Canon EOS M6
2550x3300,Display,EOS 250D
2550x3300,Depression of Psychology,Canon EOS M6
2400x3000,Priority,EOS 550D
1500x2100,Accidents of Employment,EOS 250D
2700x4800,Aftermath,EOS 550D
3300x4200,Wild,Fujifilm X100V
2400x3000,Contracts of Balance,Canon EOS M6
3300x4800,Storm,Nikon Z 50
3300x4200,Chaos,Nikon Z 50
3300x4200,Submission,EOS 250D
2400x2400,Shallow Boyfriend,EOS 250D
2550x3300,Pride of Purpose,EOS 550D
3300x4200,Miracles of Blood,EOS 250D
1200x1800,Miracles of Love,Nikon Z 50
2700x4800,Repulsive Entrance,Canon EOS M6
2400x2400,Price,Fujifilm X100V
3300x4200,Forsaken Sanity,Canon EOS M6
1200x1800,Might of Passion,EOS 550D
1500x2100,Servant of Opportunity,Fujifilm X100V
3300x4800,Surprise of Education,EOS 550D
2550x3300,Jealous Future,Fujifilm X100V
2550x3300,Fall,EOS 550D
2400x3000,Pride of Purpose,Fujifilm X100V
3300x4200,Might of Passion,EOS 250D
2700x4800,Surprise of Culture,Canon EOS M6
900x1500,Independence,Canon EOS M6
1200x1800,Accidents of Employment,Nikon Z 50
3300x4800,Priority of Life,Nikon Z 50
1500x2100,Tawdry Honor,Fujifilm X100V
1500x2100,Courteous Liberty,Fujifilm X100V
2400x3000,Shameless Charity,EOS 250D
3300x4800,Doll of Darkness,Fujifilm X100V
2700x4800,Smoke of Bravery,Canon EOS M6
2700x4800,Loyalty of Delight,EOS 250D
2400x3000,City of Emotion,EOS 550D
2400x3000,Action,EOS 250D
2550x3300,Spring of Mystery,Canon EOS M6
1200x1800,Goal of Dreams,Canon EOS M6
3300x4800,Action,EOS 550D
2550x3300,Permission of Misery,Canon EOS M6
2400x2400,Ruthless Country,EOS 550D
2400x2400,Onerous Flower,Fujifilm X100V
3300x4200,Pride of Purpose,EOS 250D
3300x4200,Possessions,Fujifilm X100V
2400x3000,Broken Cover,EOS 250D
2400x3000,Price,EOS 250D
2550x3300,Repulsive Entrance,EOS 250D
1200x1800,Contracts of Balance,Canon EOS M6
2700x4800,Chains of Jealousy,EOS 550D
2400x3000,Belief of Courage,EOS 250D
2700x4800,Grieving Bother,EOS 550D
2400x3000,Conversations of Opportunity,EOS 550D
3300x4800,Jealous Future,Canon EOS M6
1500x2100,Jealous Future,Canon EOS M6
3300x4200,Surprise of Culture,Fujifilm X100V
900x1500,Awoken Divide,EOS 250D
2400x3000,Defeat of Storms,Nikon Z 50
2400x3000,Storm,Nikon Z 50
1200x1800,Permission of Misery,Canon EOS M6
900x1500,Possessions,EOS 250D
2700x4800,Forsaken Sanity,EOS 250D
900x1500,Smoke of Brilliance,Fujifilm X100V
900x1500,Surprise of Education,Fujifilm X100V
1500x2100,Courteous Liberty,Nikon Z 50
2700x4800,Amusing Contract,Nikon Z 50
3300x4200,Fanatical Dust,EOS 250D
900x1500,Miracles of Love,Canon EOS M6
3300x4200,Basis,Canon EOS M6
900x1500,Jealous Future,Nikon Z 50
2550x3300,Chaos,EOS 250D
1500x2100,Spring of Mystery,EOS 550D
2400x2400,Action,Fujifilm X100V
1500x2100,Active Confidence,Fujifilm X100V
2550x3300,Goal of Dreams,Canon EOS M6
1500x2100,Awoken Divide,EOS 550D
2400x2400,Gracious Traditions,Canon EOS M6
1200x1800,Servant of Opportunity,EOS 550D
2400x3000,Display,Canon EOS M6
900x1500,Loyalty of Delight,Nikon Z 50
1500x2100,Punishment,EOS 250D
1500x2100,Collar of Uncertainty,EOS 250D
3300x4800,Impact of Solitude,EOS 250D
2400x2400,Belief of Courage,EOS 550D
2400x3000,Onerous Flower,Canon EOS M6
2700x4800,Servant,Canon EOS M6
1200x1800,Display,Nikon Z 50
2400x3000,Destruction of Blood,Canon EOS M6
3300x4200,Goal,Canon EOS M6
2400x3000,Depression of Psychology,Canon EOS M6
3300x4800,Unfortunate Fall,EOS 550D
3300x4200,Flowers of Dreams,EOS 550D
2400x3000,Courage,EOS 550D
1200x1800,Wound,Nikon Z 50
2400x2400,Liberty,Canon EOS M6
3300x4200,Problems of Reality,Nikon Z 50
3300x4800,Repulsive Division,Fujifilm X100V
1200x1800,Shameless Charity,Canon EOS M6
2700x4800,Protest of Childhood,Nikon Z 50
2550x3300,Active Confidence,Nikon Z 50
2400x3000,Spring of Mystery,Fujifilm X100V
2400x3000,Chaos,Canon EOS M6
2550x3300,Smoke of Brilliance,EOS 550D
2550x3300,Display,EOS 550D
2700x4800,Defeat of Storms,Nikon Z 50
900x1500,Possessions of Crime,Canon EOS M6
1500x2100,Priority,EOS 550D
2400x2400,Desires of Pride,EOS 250D